Survey year,Unitid,Institution name,OPEID,Campus ID, Campus Name,Institution Size,Illegal weapons possession,Drug law violations,Liquor law violations
2001,126182,Adams State University,00134500,1,Adams State University,7826,0,6,12
2001,126678,Colorado College,00134700,1,Colorado College,1952,0,2,3
2001,127556,Colorado Mesa University,00135800,1,Colorado Mesa University - Main Campus,5302,0,1,7
2001,126711,Colorado Mountain College,00450600,1,Colorado Mountain College,6618,0,3,14
2001,126748,Colorado Northwestern Community College,00135900,1,Colorado Northwestern Community College,2109,0,2,0
2001,126775,Colorado School of Mines,00134800,1,Main Campus,3705,0,3,18
2001,128106,Colorado State University Pueblo,00136500,1,Colorado State University Pueblo,5606,0,5,9
2001,126818,Colorado State University-Fort Collins,00135000,1,Main Campus,28103,1,50,147
2001,126863,Community College of Aurora,02276900,1,CentreTech Campus,4858,0,0,0
2001,126979,Denver Seminary,00135200,1,Main Campus,736,0,0,0
2001,127185,Fort Lewis College,00135300,1,Main Campus,4429,0,5,38
2001,127273,Iliff School of Theology,00135400,1,Main Campus,312,0,0,0
2001,127389,Lamar Community College,00135500,1,Lamar Community College,995,0,0,0
2001,127653,Naropa University,02117500,1,Arapahoe Campus,1063,0,0,0
2001,127732,Northeastern Junior College,00136100,1,Main Campus (Sterling- CO),3768,0,0,0
2001,127778,Otero Junior College,00136200,1,Main Campus,1404,0,0,15
2001,127918,Regis University,00136300,1,Northwest Denver Campus,10069,0,0,0
2001,127945,Rocky Mountain College of Art and Design,00764900,1,Rocky Mountain College of Art + Design,419,0,0,0
2001,128258,Trinidad State College,00136800,1,Trinidad Campus,1979,0,1,5
2001,126614,University of Colorado Boulder,00137000,1,Main Campus,30063,0,29,65
2001,126580,University of Colorado Colorado Springs,00450900,1,University of Colorado Colorado Springs,7980,0,9,21
2001,127060,University of Denver,00137100,1,University Park Campus,9385,0,0,0
2001,127060,University of Denver,00137100,2,Four Corners Campus,9385,0,0,0
2001,127741,University of Northern Colorado,00134900,1,Main Campus,12301,3,21,32
2001,128391,Western Colorado University,00137200,1,Main Campus,2308,1,16,4
2002,126182,Adams State University,00134500,1,Adams State University,7708,0,12,65
2002,126669,Colorado Christian University,00940100,1,Lakewood Main Campus,1801,0,0,0
2002,126678,Colorado College,00134700,1,Colorado College,1930,0,0,0
2002,127556,Colorado Mesa University,00135800,1,Colorado Mesa University - Main Campus,5572,0,7,11
2002,126711,Colorado Mountain College,00450600,1,Colorado Mountain College,6817,0,5,6
2002,126748,Colorado Northwestern Community College,00135900,1,Colorado Northwestern Community College,2052,0,2,2
2002,126775,Colorado School of Mines,00134800,1,Main Campus,3787,0,1,0
2002,128106,Colorado State University Pueblo,00136500,1,Colorado State University Pueblo,6167,0,0,5
2002,126818,Colorado State University-Fort Collins,00135000,1,Main Campus,29255,0,61,289
2002,126863,Community College of Aurora,02276900,1,CentreTech Campus,5097,0,0,0
2002,126979,Denver Seminary,00135200,1,Main Campus,808,0,0,0
2002,127185,Fort Lewis College,00135300,1,Main Campus,4349,0,17,50
2002,127273,Iliff School of Theology,00135400,1,Main Campus,333,0,0,0
2002,127389,Lamar Community College,00135500,1,Lamar Community College,1171,0,0,7
2002,127653,Naropa University,02117500,1,Arapahoe Campus,1120,0,0,0
2002,127732,Northeastern Junior College,00136100,1,Main Campus (Sterling- CO),3628,0,1,1
2002,127778,Otero Junior College,00136200,1,Main Campus,1547,0,1,9
2002,127918,Regis University,00136300,1,Northwest Denver Campus,11447,0,0,0
2002,127945,Rocky Mountain College of Art and Design,00764900,1,Rocky Mountain College of Art + Design,441,0,0,0
2002,128258,Trinidad State College,00136800,1,Trinidad Campus,2196,0,0,8
2002,126614,University of Colorado Boulder,00137000,1,Main Campus,31415,2,59,83
2002,126580,University of Colorado Colorado Springs,00450900,1,University of Colorado Colorado Springs,8340,0,12,53
2002,127060,University of Denver,00137100,1,University Park Campus,9229,0,0,0
2002,127741,University of Northern Colorado,00134900,1,Main Campus,12434,0,17,90
2002,128391,Western Colorado University,00137200,1,Main Campus,2330,1,24,7
2003,126182,Adams State University,00134500,1,Adams State University,8472,0,11,29
2003,126669,Colorado Christian University,00940100,1,Lakewood Main Campus,1580,0,0,0
2003,126678,Colorado College,00134700,1,Colorado College,1968,0,0,16
2003,127556,Colorado Mesa University,00135800,1,Colorado Mesa University - Main Campus,5765,0,2,1
2003,126711,Colorado Mountain College,00450600,1,Colorado Mountain College,6247,0,2,1
2003,126748,Colorado Northwestern Community College,00135900,1,Colorado Northwestern Community College,2242,0,1,3
2003,126775,Colorado School of Mines,00134800,1,Main Campus,4050,0,1,1
2003,128106,Colorado State University Pueblo,00136500,1,Colorado State University Pueblo,5835,0,2,38
2003,126818,Colorado State University-Fort Collins,00135000,1,Main Campus,28186,1,50,205
2003,126979,Denver Seminary,00135200,1,Main Campus,706,0,0,0
2003,127185,Fort Lewis College,00135300,1,Main Campus,4182,0,14,37
2003,127273,Iliff School of Theology,00135400,1,Main Campus,346,0,0,0
2003,127389,Lamar Community College,00135500,1,Lamar Community College,1091,0,0,0
2003,127653,Naropa University,02117500,1,Arapahoe Campus,1423,0,0,0
2003,127732,Northeastern Junior College,00136100,1,Main Campus (Sterling- CO),3077,0,1,8
2003,127778,Otero Junior College,00136200,1,Main Campus,1650,0,0,36
2003,127918,Regis University,00136300,1,Northwest Denver Campus,11583,0,0,0
2003,128258,Trinidad State College,00136800,1,Trinidad Campus,2022,0,0,1
2003,126614,University of Colorado Boulder,00137000,1,Main Campus,32423,3,48,98
2003,126580,University of Colorado Colorado Springs,00450900,1,University of Colorado Colorado Springs,8712,0,8,25
2003,127060,University of Denver,00137100,1,University Park Campus,9521,0,3,0
2003,127741,University of Northern Colorado,00134900,1,Main Campus,13204,0,14,90
2003,128391,Western Colorado University,00137200,1,Main Campus,2410,0,35,8
2004,126182,Adams State University,00134500,1,Adams State University,8954,0,18,42
2004,126669,Colorado Christian University,00940100,1,Lakewood Main Campus,1680,0,0,0
2004,126678,Colorado College,00134700,1,Colorado College,2044,0,0,0
2004,127556,Colorado Mesa University,00135800,1,Colorado Mesa University - Main Campus,6235,1,10,17
2004,126711,Colorado Mountain College,00450600,1,Colorado Mountain College,6361,1,2,13
2004,126748,Colorado Northwestern Community College,00135900,1,Colorado Northwestern Community College,2201,0,0,0
2004,126775,Colorado School of Mines,00134800,1,Main Campus,4101,0,10,5
2004,128106,Colorado State University Pueblo,00136500,1,Colorado State University Pueblo,5741,1,6,34
2004,126818,Colorado State University-Fort Collins,00135000,1,Main Campus,27973,4,49,175
2004,126979,Denver Seminary,00135200,1,Main Campus,831,0,0,0
2004,127185,Fort Lewis College,00135300,1,Main Campus,4194,0,11,67
2004,127273,Iliff School of Theology,00135400,1,Main Campus,333,0,0,0
2004,127389,Lamar Community College,00135500,1,Lamar Community College,1061,0,0,0
2004,127653,Naropa University,02117500,1,Arapahoe Campus,1232,0,0,0
2004,127732,Northeastern Junior College,00136100,1,Main Campus (Sterling- CO),2912,0,1,15
2004,127778,Otero Junior College,00136200,1,Main Campus,1676,0,1,15
2004,127918,Regis University,00136300,1,Northwest Denver Campus,11801,0,0,0
2004,128258,Trinidad State College,00136800,1,Trinidad Campus,2106,0,0,2
2004,126614,University of Colorado Boulder,00137000,1,Main Campus,32362,2,22,116
2004,126580,University of Colorado Colorado Springs,00450900,1,University of Colorado Colorado Springs,9039,0,11,94
2004,127060,University of Denver,00137100,1,University Park Campus,9808,0,0,1
2004,127741,University of Northern Colorado,00134900,1,Main Campus,13156,0,11,102
2004,128391,Western Colorado University,00137200,1,Main Campus,2301,1,34,12
2005,126182,Adams State University,00134500,1,Adams State University,9157,0,18,62
2005,126669,Colorado Christian University,00940100,1,Lakewood Main Campus,2122,0,0,0
2005,126678,Colorado College,00134700,1,Colorado College,2016,0,0,0
2005,127556,Colorado Mesa University,00135800,1,Colorado Mesa University - Main Campus,6062,0,6,10
2005,126711,Colorado Mountain College,00450600,1,Colorado Mountain College,5682,0,4,4
2005,126748,Colorado Northwestern Community College,00135900,1,Colorado Northwestern Community College,1518,0,0,15
2005,126775,Colorado School of Mines,00134800,1,Main Campus,4318,0,6,1
2005,128106,Colorado State University Pueblo,00136500,1,Colorado State University Pueblo,5870,0,6,48
2005,126818,Colorado State University-Fort Collins,00135000,1,Main Campus,27780,1,11,86
2005,126979,Denver Seminary,00135200,1,Main Campus,851,0,0,0
2005,127185,Fort Lewis College,00135300,1,Main Campus,3946,0,13,69
2005,127273,Iliff School of Theology,00135400,1,Main Campus,321,0,0,0
2005,127389,Lamar Community College,00135500,1,Lamar Community College,986,0,0,0
2005,127653,Naropa University,02117500,1,Arapahoe Campus,1222,0,0,0
2005,127732,Northeastern Junior College,00136100,1,Main Campus (Sterling- CO),2859,0,2,37
2005,127778,Otero Junior College,00136200,1,Main Campus,1636,0,0,15
2005,127918,Regis University,00136300,1,Northwest Denver Campus,11566,0,0,0
2005,128258,Trinidad State College,00136800,1,Trinidad Campus,1831,1,0,1
2005,126614,University of Colorado Boulder,00137000,1,Main Campus,31589,1,25,110
2005,126580,University of Colorado Colorado Springs,00450900,1,University of Colorado Colorado Springs,9333,0,6,109
2005,127060,University of Denver,00137100,1,University Park Campus,10374,0,0,1
2005,127741,University of Northern Colorado,00134900,1,Main Campus,13622,0,29,102
2005,128391,Western Colorado University,00137200,1,Main Campus,2253,0,22,11
2006,126182,Adams State University,00134500,1,Adams State University,8442,0,7,29
2006,126669,Colorado Christian University,00940100,1,Lakewood Main Campus,2166,0,0,0
2006,126678,Colorado College,00134700,1,Colorado College,1998,0,0,0
2006,127556,Colorado Mesa University,00135800,1,Colorado Mesa University - Main Campus,6211,0,8,8
2006,126711,Colorado Mountain College,00450600,1,Colorado Mountain College,5508,1,1,1
2006,126748,Colorado Northwestern Community College,00135900,1,Colorado Northwestern Community College,1338,1,0,5
2006,126775,Colorado School of Mines,00134800,1,Main Campus,4357,0,5,0
2006,128106,Colorado State University Pueblo,00136500,1,Colorado State University Pueblo,6205,0,4,9
2006,126818,Colorado State University-Fort Collins,00135000,1,Main Campus,27636,0,35,61
2006,126979,Denver Seminary,00135200,1,Main Campus,826,0,0,0
2006,127185,Fort Lewis College,00135300,1,Main Campus,3905,0,15,91
2006,127273,Iliff School of Theology,00135400,1,Main Campus,317,0,0,0
2006,127389,Lamar Community College,00135500,1,Lamar Community College,999,0,0,0
2006,127653,Naropa University,02117500,1,Arapahoe Campus,1107,0,0,0
2006,127732,Northeastern Junior College,00136100,1,Main Campus (Sterling- CO),2537,1,3,32
2006,127778,Otero Junior College,00136200,1,Main Campus,1631,0,1,17
2006,127918,Regis University,00136300,1,Northwest Denver Campus,11388,0,0,1
2006,128258,Trinidad State College,00136800,1,Trinidad Campus,1732,1,0,2
2006,126614,University of Colorado Boulder,00137000,1,Main Campus,31665,2,41,191
2006,126580,University of Colorado Colorado Springs,00450900,1,University of Colorado Colorado Springs,8647,0,21,117
2006,127060,University of Denver,00137100,1,University Park Campus,10791,0,1,1
2006,127741,University of Northern Colorado,00134900,1,Main Campus,13363,1,52,89
2006,128391,Western Colorado University,00137200,1,Main Campus,2198,0,40,11
2007,126182,Adams State University,00134500,1,Adams State University,2830,0,16,16
2007,126669,Colorado Christian University,00940100,1,Lakewood Main Campus,2151,0,0,0
2007,126678,Colorado College,00134700,1,Colorado College,2075,0,0,0
2007,127556,Colorado Mesa University,00135800,1,Colorado Mesa University - Main Campus,6199,0,18,12
2007,126711,Colorado Mountain College,00450600,1,Colorado Mountain College,5206,0,5,9
2007,126748,Colorado Northwestern Community College,00135900,1,Colorado Northwestern Community College,1430,0,0,0
2007,126775,Colorado School of Mines,00134800,1,Main Campus,4560,0,1,9
2007,128106,Colorado State University Pueblo,00136500,1,Colorado State University Pueblo,5908,1,5,50
2007,126818,Colorado State University-Fort Collins,00135000,1,Main Campus,27569,1,22,51
2007,126979,Denver Seminary,00135200,1,Main Campus,858,0,0,0
2007,127185,Fort Lewis College,00135300,1,Main Campus,3928,0,22,73
2007,127273,Iliff School of Theology,00135400,1,Main Campus,199,0,0,0
2007,127389,Lamar Community College,00135500,1,Lamar Community College,817,0,0,0
2007,127653,Naropa University,02117500,1,Arapahoe Campus,1104,0,0,0
2007,127732,Northeastern Junior College,00136100,1,Main Campus (Sterling- CO),2751,0,4,17
2007,127778,Otero Junior College,00136200,1,Main Campus,1558,0,1,32
2007,127918,Regis University,00136300,1,Northwest Denver Campus,11238,0,3,51
2007,128258,Trinidad State College,00136800,1,Trinidad Campus,1760,1,0,2
2007,126614,University of Colorado Boulder,00137000,1,Main Campus,31796,2,32,221
2007,126580,University of Colorado Colorado Springs,00450900,1,University of Colorado Colorado Springs,8660,0,4,67
2007,127060,University of Denver,00137100,1,University Park Campus,11053,0,0,0
2007,127741,University of Northern Colorado,00134900,1,Main Campus,12702,0,46,110
2007,128391,Western Colorado University,00137200,1,Main Campus,2146,0,19,5
2008,126182,Adams State University,00134500,1,Adams State University,2920,0,23,14
2008,126669,Colorado Christian University,00940100,1,Lakewood Main Campus,2599,0,0,0
2008,126678,Colorado College,00134700,1,Colorado College,2026,0,0,1
2008,127556,Colorado Mesa University,00135800,1,Colorado Mesa University - Main Campus,6262,0,20,12
2008,126711,Colorado Mountain College,00450600,1,Colorado Mountain College,5092,0,2,2
2008,126748,Colorado Northwestern Community College,00135900,1,Colorado Northwestern Community College,1383,0,0,0
2008,126775,Colorado School of Mines,00134800,1,Main Campus,4704,0,3,16
2008,128106,Colorado State University Pueblo,00136500,1,Colorado State University Pueblo,6759,0,4,27
2008,126818,Colorado State University-Fort Collins,00135000,1,Main Campus,28882,0,16,55
2008,126979,Denver Seminary,00135200,1,Main Campus,880,0,0,0
2008,127185,Fort Lewis College,00135300,1,Main Campus,3740,0,33,71
2008,127273,Iliff School of Theology,00135400,1,Main Campus,194,0,0,0
2008,127389,Lamar Community College,00135500,1,Lamar Community College,1138,0,0,0
2008,127653,Naropa University,02117500,1,Arapahoe Campus,1075,0,0,0
2008,127732,Northeastern Junior College,00136100,1,Main Campus (Sterling- CO),2698,0,2,27
2008,127778,Otero Junior College,00136200,1,Main Campus,1551,0,0,24
2008,127918,Regis University,00136300,1,Northwest Denver Campus,11040,0,9,54
2008,128258,Trinidad State College,00136800,1,Trinidad Campus,1740,0,0,0
2008,126614,University of Colorado Boulder,00137000,1,Main Campus,32469,4,48,240
2008,126580,University of Colorado Colorado Springs,00450900,1,University of Colorado Colorado Springs,9373,1,29,52
2008,127060,University of Denver,00137100,1,University Park Campus,11328,0,4,7
2008,127741,University of Northern Colorado,00134900,1,Main Campus,12498,0,80,93
2008,128391,Western Colorado University,00137200,1,Main Campus,2315,0,17,11
2009,126182,Adams State University,00134500,1,Adams State University,3121,0,23,15
2009,126669,Colorado Christian University,00940100,1,Lakewood Main Campus,2511,0,0,0
2009,126678,Colorado College,00134700,1,Colorado College,2032,0,0,1
2009,127556,Colorado Mesa University,00135800,1,Colorado Mesa University - Main Campus,7042,0,35,13
2009,126711,Colorado Mountain College,00450600,1,Colorado Mountain College,5741,0,4,0
2009,126748,Colorado Northwestern Community College,00135900,1,Colorado Northwestern Community College,1375,0,0,1
2009,126775,Colorado School of Mines,00134800,1,Main Campus,5124,1,4,16
2009,128106,Colorado State University Pueblo,00136500,1,Colorado State University Pueblo,6443,0,0,11
2009,126818,Colorado State University-Fort Collins,00135000,1,Main Campus,28902,1,27,39
2009,126979,Denver Seminary,00135200,1,Main Campus,925,0,0,0
2009,127185,Fort Lewis College,00135300,1,Main Campus,3770,0,65,83
2009,127273,Iliff School of Theology,00135400,1,Main Campus,303,0,0,0
2009,127389,Lamar Community College,00135500,1,Lamar Community College,1080,0,1,1
2009,127653,Naropa University,02117500,1,Arapahoe Campus,1073,0,0,0
2009,127732,Northeastern Junior College,00136100,1,Main Campus (Sterling- CO),2497,0,3,19
2009,127778,Otero Junior College,00136200,1,Main Campus,1660,0,3,21
2009,127918,Regis University,00136300,1,Northwest Denver Campus,10874,0,1,0
2009,128258,Trinidad State College,00136800,1,Trinidad Campus,1812,1,1,5
2009,126614,University of Colorado Boulder,00137000,1,Main Campus,33010,1,89,206
2009,126580,University of Colorado Colorado Springs,00450900,1,University of Colorado Colorado Springs,9733,0,35,27
2009,126562,University of Colorado Denver/Anschutz Medical Campus,00450800,1,University of Colorado Denver - Downtown,23715,0,1,0
2009,127060,University of Denver,00137100,1,University Park Campus,11644,0,2,0
2009,127741,University of Northern Colorado,00134900,1,Main Campus,12711,0,76,108
2009,128391,Western Colorado University,00137200,1,Main Campus,2237,0,32,1
2010,126182,Adams State University,00134500,1,Adams State University,3237,0,15,25
2010,126669,Colorado Christian University,00940100,1,Lakewood Main Campus,2733,0,0,0
2010,126678,Colorado College,00134700,1,Colorado College,2091,0,0,0
2010,127556,Colorado Mesa University,00135800,1,Colorado Mesa University - Main Campus,8130,1,23,18
2010,126711,Colorado Mountain College,00450600,1,Colorado Mountain College,6088,0,25,0
2010,126748,Colorado Northwestern Community College,00135900,1,Colorado Northwestern Community College,1450,0,2,5
2010,126775,Colorado School of Mines,00134800,1,Main Campus,5287,0,1,6
2010,128106,Colorado State University Pueblo,00136500,1,Colorado State University Pueblo,7379,0,21,27
2010,126818,Colorado State University-Fort Collins,00135000,1,Main Campus,30155,3,86,63
2010,126979,Denver Seminary,00135200,1,Main Campus,993,0,0,0
2010,127185,Fort Lewis College,00135300,1,Main Campus,3853,0,53,44
2010,127273,Iliff School of Theology,00135400,1,Main Campus,336,0,0,0
2010,127389,Lamar Community College,00135500,1,Lamar Community College,1051,0,0,0
2010,127653,Naropa University,02117500,1,Arapahoe Campus,1065,0,0,0
2010,127732,Northeastern Junior College,00136100,1,Main Campus (Sterling- CO),2214,0,6,28
2010,127778,Otero Junior College,00136200,1,Main Campus,1823,0,3,16
2010,127918,Regis University,00136300,1,Northwest Denver Campus,11069,0,4,14
2010,128258,Trinidad State College,00136800,1,Trinidad Campus,1916,0,4,14
2010,126614,University of Colorado Boulder,00137000,1,Main Campus,32697,0,269,421
2010,126580,University of Colorado Colorado Springs,00450900,1,University of Colorado Colorado Springs,9745,0,48,30
2010,126562,University of Colorado Denver/Anschutz Medical Campus,00450800,1,University of Colorado Denver - Downtown,24108,0,0,0
2010,127060,University of Denver,00137100,1,University Park Campus,11842,0,1,7
2010,127741,University of Northern Colorado,00134900,1,Main Campus,13030,0,65,87
2010,128391,Western Colorado University,00137200,1,Main Campus,2325,0,27,7
2011,126182,Adams State University,00134500,1,Adams State University,3302,0,10,3
2011,126669,Colorado Christian University,00940100,1,Lakewood Main Campus,3490,0,0,0
2011,126678,Colorado College,00134700,1,Colorado College,2043,0,5,0
2011,127556,Colorado Mesa University,00135800,1,Colorado Mesa University - Main Campus,9005,0,46,23
2011,126711,Colorado Mountain College,00450600,1,Colorado Mountain College,5823,0,12,0
2011,126748,Colorado Northwestern Community College,00135900,1,Colorado Northwestern Community College,1291,0,3,1
2011,126775,Colorado School of Mines,00134800,1,Main Campus,5524,0,1,17
2011,128106,Colorado State University Pueblo,00136500,1,Colorado State University Pueblo,7174,0,22,59
2011,126818,Colorado State University-Fort Collins,00135000,1,Main Campus,30467,0,39,64
2011,126979,Denver Seminary,00135200,1,Main Campus,1018,0,0,0
2011,127185,Fort Lewis College,00135300,1,Main Campus,3841,0,57,81
2011,127273,Iliff School of Theology,00135400,1,Main Campus,361,0,0,0
2011,127389,Lamar Community College,00135500,1,Lamar Community College,935,0,0,0
2011,127653,Naropa University,02117500,1,Arapahoe Campus,1090,0,0,0
2011,127732,Northeastern Junior College,00136100,1,Main Campus (Sterling- CO),2154,0,2,30
2011,127778,Otero Junior College,00136200,1,Main Campus,1546,0,5,7
2011,127918,Regis University,00136300,1,Northwest Denver Campus,11253,0,0,0
2011,128258,Trinidad State College,00136800,1,Trinidad Campus,1839,0,0,28
2011,126614,University of Colorado Boulder,00137000,1,Main Campus,32558,1,303,425
2011,126580,University of Colorado Colorado Springs,00450900,1,University of Colorado Colorado Springs,10183,0,12,29
2011,126562,University of Colorado Denver/Anschutz Medical Campus,00450800,1,University of Colorado Denver - Downtown,22495,0,1,0
2011,127060,University of Denver,00137100,1,University Park Campus,11797,1,2,9
2011,127741,University of Northern Colorado,00134900,1,Main Campus,13038,0,68,81
2011,128391,Western Colorado University,00137200,1,Main Campus,2242,0,26,17
2012,126182,Adams State University,00134500,1,Adams State University,3290,1,25,0
2012,126669,Colorado Christian University,00940100,1,Lakewood Main Campus,3917,0,0,0
2012,126678,Colorado College,00134700,1,Colorado College,2022,0,0,3
2012,127556,Colorado Mesa University,00135800,1,Colorado Mesa University - Main Campus,9482,0,62,29
2012,126711,Colorado Mountain College,00450600,1,Colorado Mountain College,5847,0,0,0
2012,126748,Colorado Northwestern Community College,00135900,1,Colorado Northwestern Community College,1158,0,0,0
2012,126775,Colorado School of Mines,00134800,1,Main Campus,5721,0,2,3
2012,128106,Colorado State University Pueblo,00136500,1,Colorado State University Pueblo,6805,0,6,66
2012,126818,Colorado State University-Fort Collins,00135000,1,Main Campus,30659,1,45,102
2012,126979,Denver Seminary,00135200,1,Main Campus,985,0,0,0
2012,127185,Fort Lewis College,00135300,1,Main Campus,3883,0,29,45
2012,127273,Iliff School of Theology,00135400,1,Main Campus,343,0,0,1
2012,127389,Lamar Community College,00135500,1,Lamar Community College,916,0,0,0
2012,127653,Naropa University,02117500,1,Arapahoe Campus,1019,0,0,0
2012,127732,Northeastern Junior College,00136100,1,Main Campus (Sterling- CO),1971,0,6,25
2012,127778,Otero Junior College,00136200,1,Main Campus,1456,0,0,2
2012,127918,Regis University,00136300,1,Northwest Denver Campus,10683,0,0,0
2012,128258,Trinidad State College,00136800,1,Trinidad Campus,1691,0,0,18
2012,126614,University of Colorado Boulder,00137000,1,Main Campus,31945,0,212,408
2012,126580,University of Colorado Colorado Springs,00450900,1,University of Colorado Colorado Springs,10612,0,26,21
2012,126562,University of Colorado Denver/Anschutz Medical Campus,00450800,1,University of Colorado Denver - Downtown,22396,0,0,0
2012,127060,University of Denver,00137100,1,University Park Campus,11656,0,5,11
2012,127741,University of Northern Colorado,00134900,1,Main Campus,13070,0,55,110
2012,128391,Western Colorado University,00137200,1,Main Campus,2301,0,23,9
2013,126182,Adams State University,00134500,1,Adams State University,3211,0,46,4
2013,126669,Colorado Christian University,00940100,1,Lakewood Main Campus,5368,0,0,0
2013,126678,Colorado College,00134700,1,Colorado College,2061,0,2,5
2013,127556,Colorado Mesa University,00135800,1,Colorado Mesa University - Main Campus,9676,0,33,24
2013,126711,Colorado Mountain College,00450600,1,Colorado Mountain College,5893,0,0,0
2013,126748,Colorado Northwestern Community College,00135900,1,Colorado Northwestern Community College,1138,0,0,1
2013,126775,Colorado School of Mines,00134800,1,Main Campus,5790,0,2,5
2013,128106,Colorado State University Pueblo,00136500,1,Colorado State University Pueblo,7089,0,11,47
2013,126818,Colorado State University-Fort Collins,00135000,1,Main Campus,31186,0,31,77
2013,126979,Denver Seminary,00135200,1,Main Campus,990,0,0,0
2013,127185,Fort Lewis College,00135300,1,Main Campus,4021,0,27,50
2013,127273,Iliff School of Theology,00135400,1,Main Campus,349,0,0,0
2013,127389,Lamar Community College,00135500,1,Lamar Community College,902,0,0,0
2013,127653,Naropa University,02117500,1,Arapahoe Campus,992,0,0,0
2013,127732,Northeastern Junior College,00136100,1,Main Campus (Sterling- CO),1962,1,2,46
2013,127778,Otero Junior College,00136200,1,Main Campus,1449,0,1,1
2013,127918,Regis University,00136300,1,Northwest Denver Campus,9722,0,0,0
2013,128258,Trinidad State College,00136800,1,Trinidad Campus,1791,0,0,3
2013,126614,University of Colorado Boulder,00137000,1,Main Campus,32017,0,104,139
2013,126580,University of Colorado Colorado Springs,00450900,1,University of Colorado Colorado Springs,11321,0,17,14
2013,126562,University of Colorado Denver/Anschutz Medical Campus,00450800,1,University of Colorado Denver - Downtown,22206,1,0,0
2013,127060,University of Denver,00137100,1,University Park Campus,11778,0,5,4
2013,127741,University of Northern Colorado,00134900,1,Main Campus,12710,0,44,62
2013,128391,Western Colorado University,00137200,1,Main Campus,2404,0,15,14
2014,126182,Adams State University,00134500,1,Adams State University,3154,1,19,16
2014,126669,Colorado Christian University,00940100,1,Lakewood Main Campus,5787,0,0,0
2014,126678,Colorado College,00134700,1,Colorado College,2067,0,6,4
2014,127556,Colorado Mesa University,00135800,1,Colorado Mesa University - Main Campus,9116,0,40,43
2014,126711,Colorado Mountain College,00450600,1,Colorado Mountain College,5705,1,2,2
2014,126748,Colorado Northwestern Community College,00135900,1,Colorado Northwestern Community College,1145,0,0,0
2014,126775,Colorado School of Mines,00134800,1,Main Campus,5962,0,4,0
2014,128106,Colorado State University Pueblo,00136500,1,Colorado State University Pueblo,7256,0,4,12
2014,126818,Colorado State University-Fort Collins,00135000,1,Main Campus,31354,0,14,17
2014,126979,Denver Seminary,00135200,1,Main Campus,944,0,0,0
2014,127185,Fort Lewis College,00135300,1,Main Campus,3791,0,22,34
2014,127273,Iliff School of Theology,00135400,1,Main Campus,333,0,0,0
2014,127389,Lamar Community College,00135500,1,Lamar Community College,839,0,0,0
2014,127653,Naropa University,02117500,1,Arapahoe Campus,996,0,2,0
2014,127732,Northeastern Junior College,00136100,1,Main Campus (Sterling- CO),1776,0,4,31
2014,127778,Otero Junior College,00136200,1,Main Campus,1434,0,2,4
2014,127918,Regis University,00136300,1,Northwest Denver Campus,9208,0,0,0
2014,128258,Trinidad State College,00136800,1,Trinidad Campus,1783,0,0,0
2014,126614,University of Colorado Boulder,00137000,1,Main Campus,32432,0,75,108
2014,126580,University of Colorado Colorado Springs,00450900,1,University of Colorado Colorado Springs,11761,0,29,4
2014,126562,University of Colorado Denver/Anschutz Medical Campus,00450800,1,University of Colorado Denver - Downtown,22791,0,1,0
2014,127060,University of Denver,00137100,1,University Park Campus,11809,0,5,11
2014,127741,University of Northern Colorado,00134900,1,Main Campus,12050,0,56,57
2014,128391,Western Colorado University,00137200,1,Main Campus,2584,0,5,4
2015,126182,Adams State University,00134500,1,Adams State University,3404,0,17,9
2015,126669,Colorado Christian University,00940100,1,Lakewood Main Campus,6879,0,0,0
2015,126678,Colorado College,00134700,1,Colorado College,2131,0,0,0
2015,127556,Colorado Mesa University,00135800,1,Colorado Mesa University - Main Campus,9448,0,38,28
2015,126711,Colorado Mountain College,00450600,1,Colorado Mountain College,5806,0,7,10
2015,126748,Colorado Northwestern Community College,00135900,1,Colorado Northwestern Community College,1178,0,0,8
2015,126775,Colorado School of Mines,00134800,1,Main Campus,6054,0,3,9
2015,128106,Colorado State University Pueblo,00136500,1,Colorado State University Pueblo,7563,0,4,21
2015,126818,Colorado State University-Fort Collins,00135000,1,Main Campus,30614,0,33,32
2015,126979,Denver Seminary,00135200,1,Main Campus,929,0,0,0
2015,127185,Fort Lewis College,00135300,1,Main Campus,3707,0,12,32
2015,127273,Iliff School of Theology,00135400,1,Main Campus,340,0,0,0
2015,127389,Lamar Community College,00135500,1,Lamar Community College,777,0,0,0
2015,127732,Northeastern Junior College,00136100,1,Main Campus (Sterling- CO),1498,0,12,14
2015,127778,Otero Junior College,00136200,1,Main Campus,1410,0,3,8
2015,127918,Regis University,00136300,1,Northwest Denver Campus,8725,0,0,0
2015,128258,Trinidad State College,00136800,1,Trinidad Campus,1660,0,0,1
2015,126614,University of Colorado Boulder,00137000,1,Main Campus,33056,3,163,234
2015,126580,University of Colorado Colorado Springs,00450900,1,University of Colorado Colorado Springs,11988,0,12,8
2015,126562,University of Colorado Denver/Anschutz Medical Campus,00450800,1,University of Colorado Denver - Downtown,23671,0,0,0
2015,127060,University of Denver,00137100,1,University Park Campus,11797,0,1,1
2015,127741,University of Northern Colorado,00134900,1,Main Campus,12216,0,34,64
2015,128391,Western Colorado University,00137200,1,Main Campus,2722,0,25,8
2016,126182,Adams State University,00134500,1,Adams State University,3370,0,14,6
2016,126669,Colorado Christian University,00940100,1,Lakewood Main Campus,7032,0,0,0
2016,126678,Colorado College,00134700,1,Colorado College,2114,0,0,0
2016,127556,Colorado Mesa University,00135800,1,Colorado Mesa University - Main Campus,9735,1,57,15
2016,126711,Colorado Mountain College,00450600,1,Colorado Mountain College,5806,0,0,1
2016,126748,Colorado Northwestern Community College,00135900,1,Colorado Northwestern Community College,1098,0,0,0
2016,126748,Colorado Northwestern Community College,00135900,2,Colorado Northwestern Community College-Craig Campus,1098,0,1,0
2016,126775,Colorado School of Mines,00134800,1,Main Campus,6069,0,1,1
2016,128106,Colorado State University Pueblo,00136500,1,Colorado State University Pueblo,7802,0,7,23
2016,126818,Colorado State University-Fort Collins,00135000,1,Main Campus,31856,0,40,61
2016,126979,Denver Seminary,00135200,1,Main Campus,901,0,0,0
2016,127185,Fort Lewis College,00135300,1,Main Campus,3600,0,6,45
2016,127273,Iliff School of Theology,00135400,1,Main Campus,311,0,0,0
2016,127389,Lamar Community College,00135500,1,Lamar Community College,791,0,0,0
2016,127732,Northeastern Junior College,00136100,1,Main Campus (Sterling- CO),1645,0,3,13
2016,127778,Otero Junior College,00136200,1,Main Campus,1464,0,0,18
2016,127918,Regis University,00136300,1,Northwest Denver Campus,8368,0,0,0
2016,128258,Trinidad State College,00136800,1,Trinidad Campus,1654,0,1,1
2016,126614,University of Colorado Boulder,00137000,1,Main Campus,33977,1,176,202
2016,126580,University of Colorado Colorado Springs,00450900,1,University of Colorado Colorado Springs,12559,0,8,9
2016,126562,University of Colorado Denver/Anschutz Medical Campus,00450800,1,University of Colorado Denver - Downtown,23960,0,0,0
2016,127060,University of Denver,00137100,1,University Park Campus,11614,0,1,0
2016,127741,University of Northern Colorado,00134900,1,Main Campus,13087,1,37,50
2016,128391,Western Colorado University,00137200,1,Main Campus,2908,0,13,10
2017,126182,Adams State University,00134500,1,Adams State University,3314,2,6,2
2017,126669,Colorado Christian University,00940100,1,Lakewood Main Campus,7398,0,1,0
2017,126678,Colorado College,00134700,1,Colorado College,2118,0,2,2
2017,127556,Colorado Mesa University,00135800,1,Colorado Mesa University - Main Campus,9591,0,51,7
2017,126711,Colorado Mountain College,00450600,1,Colorado Mountain College,5934,0,0,1
2017,126748,Colorado Northwestern Community College,00135900,1,Colorado Northwestern Community College,1201,0,2,0
2017,126748,Colorado Northwestern Community College,00135900,2,Colorado Northwestern Community College-Craig Campus,1201,0,0,0
2017,126775,Colorado School of Mines,00134800,1,Main Campus,6209,0,5,19
2017,128106,Colorado State University Pueblo,00136500,1,Colorado State University Pueblo,6639,0,10,23
2017,126818,Colorado State University-Fort Collins,00135000,1,Main Campus,33083,2,44,24
2017,126979,Denver Seminary,00135200,1,Main Campus,908,0,0,0
2017,127185,Fort Lewis College,00135300,1,Main Campus,3332,0,3,43
2017,127273,Iliff School of Theology,00135400,1,Main Campus,286,0,0,0
2017,127389,Lamar Community College,00135500,1,Lamar Community College,811,0,0,0
2017,127732,Northeastern Junior College,00136100,1,Main Campus (Sterling- CO),1547,0,3,27
2017,127778,Otero Junior College,00136200,1,Main Campus,1330,0,2,11
2017,127918,Regis University,00136300,1,Northwest Denver Campus,8341,0,0,0
2017,480790,Rocky Vista University,04218900,1,Rocky Vista University College of Osteopathic Medicine,779,0,0,0
2017,128258,Trinidad State College,00136800,1,Trinidad Campus,1663,0,0,0
2017,128258,Trinidad State College,00136800,2,Valley Campus,1663,2,1,2
2017,126614,University of Colorado Boulder,00137000,1,Main Campus,35338,0,413,285
2017,126580,University of Colorado Colorado Springs,00450900,1,University of Colorado Colorado Springs,12932,0,9,54
2017,126562,University of Colorado Denver/Anschutz Medical Campus,00450800,1,University of Colorado Denver - Downtown,24839,0,2,0
2017,127060,University of Denver,00137100,1,University Park Campus,11434,1,1,0
2017,127741,University of Northern Colorado,00134900,1,Main Campus,13399,0,22,52
2017,128391,Western Colorado University,00137200,1,Main Campus,2814,0,25,16
2018,126182,Adams State University,00134500,1,Adams State University,3110,0,4,0
2018,126669,Colorado Christian University,00940100,1,Lakewood Main Campus,7625,0,0,0
2018,126678,Colorado College,00134700,1,Colorado College,2144,0,0,0
2018,127556,Colorado Mesa University,00135800,1,Colorado Mesa University - Main Campus,9492,0,15,4
2018,126711,Colorado Mountain College,00450600,1,Colorado Mountain College,5688,0,0,0
2018,126748,Colorado Northwestern Community College,00135900,1,Colorado Northwestern Community College,1154,0,0,0
2018,126748,Colorado Northwestern Community College,00135900,2,Colorado Northwestern Community College-Craig Campus,1154,0,0,0
2018,126775,Colorado School of Mines,00134800,1,Main Campus,6325,0,7,22
2018,128106,Colorado State University Pueblo,00136500,1,Colorado State University Pueblo,6736,0,9,18
2018,126818,Colorado State University-Fort Collins,00135000,1,Main Campus,33478,0,26,19
2018,126979,Denver Seminary,00135200,1,Main Campus,885,0,0,0
2018,127185,Fort Lewis College,00135300,1,Main Campus,3319,0,0,9
2018,127273,Iliff School of Theology,00135400,1,Main Campus,263,0,0,0
2018,127389,Lamar Community College,00135500,1,Lamar Community College,754,0,0,0
2018,127653,Naropa University,02117500,1,Arapahoe Campus,953,0,0,0
2018,127732,Northeastern Junior College,00136100,1,Main Campus (Sterling- CO),1492,1,3,10
2018,127778,Otero Junior College,00136200,1,Main Campus,1262,0,1,2
2018,127918,Regis University,00136300,1,Northwest Denver Campus,7907,0,0,0
2018,480790,Rocky Vista University,04218900,2,Rocky Vista University COM-SU,952,0,0,0
2018,128258,Trinidad State College,00136800,1,Trinidad Campus,1542,0,0,2
2018,128258,Trinidad State College,00136800,2,Valley Campus,1542,0,2,0
2018,126614,University of Colorado Boulder,00137000,1,Main Campus,36681,0,331,211
2018,126580,University of Colorado Colorado Springs,00450900,1,University of Colorado Colorado Springs,13123,0,14,19
2018,126562,University of Colorado Denver/Anschutz Medical Campus,00450800,1,University of Colorado Denver - Downtown,25645,0,1,0
2018,127060,University of Denver,00137100,1,University Park Campus,11952,0,2,0
2018,127741,University of Northern Colorado,00134900,1,Main Campus,13437,0,28,31
2018,128391,Western Colorado University,00137200,1,Main Campus,3034,0,32,17
2019,126182,Adams State University,00134500,1,Adams State University,3114,1,0,5
2019,126669,Colorado Christian University,00940100,1,Lakewood Main Campus,7587,0,0,0
2019,126678,Colorado College,00134700,1,Colorado College,2123,0,0,0
2019,127556,Colorado Mesa University,00135800,1,Colorado Mesa University - Main Campus,9373,0,16,9
2019,126711,Colorado Mountain College,00450600,1,Colorado Mountain College,5636,0,1,0
2019,126748,Colorado Northwestern Community College,00135900,1,Colorado Northwestern Community College,1112,0,0,0
2019,126775,Colorado School of Mines,00134800,1,Main Campus,6628,0,0,9
2019,128106,Colorado State University Pueblo,00136500,1,Colorado State University Pueblo,7081,0,9,8
2019,126818,Colorado State University-Fort Collins,00135000,1,Main Campus,33426,0,8,6
2019,126979,Denver Seminary,00135200,1,Main Campus,848,0,0,0
2019,127185,Fort Lewis College,00135300,1,Main Campus,3300,0,1,6
2019,127273,Iliff School of Theology,00135400,1,Main Campus,227,0,0,0
2019,127389,Lamar Community College,00135500,1,Lamar Community College,849,0,0,0
2019,127653,Naropa University,02117500,1,Arapahoe Campus,904,0,0,0
2019,127732,Northeastern Junior College,00136100,1,Main Campus (Sterling- CO),1390,0,2,3
2019,127778,Otero Junior College,00136200,1,Main Campus,1279,0,0,0
2019,127918,Regis University,00136300,1,Northwest Denver Campus,6908,0,0,4
2019,480790,Rocky Vista University,04218900,2,Rocky Vista University COM-SU,1144,0,0,0
2019,128258,Trinidad State College,00136800,1,Trinidad Campus,1621,0,0,2
2019,128258,Trinidad State College,00136800,2,Valley Campus,1621,0,0,0
2019,126614,University of Colorado Boulder,00137000,1,Main Campus,37883,0,234,481
2019,126580,University of Colorado Colorado Springs,00450900,1,University of Colorado Colorado Springs,12807,0,14,26
2019,126562,University of Colorado Denver/Anschutz Medical Campus,00450800,1,University of Colorado Denver - Downtown,24910,0,0,0
2019,127060,University of Denver,00137100,1,University Park Campus,12931,0,1,0
2019,127741,University of Northern Colorado,00134900,1,Main Campus,12930,0,20,18
2019,128391,Western Colorado University,00137200,1,Main Campus,3487,0,26,43
2020,126182,Adams State University,00134500,1,Adams State University,3164,0,3,1
2020,126669,Colorado Christian University,00940100,1,Lakewood Main Campus,7839,0,0,0
2020,126678,Colorado College,00134700,1,Colorado College,2050,0,0,0
2020,127556,Colorado Mesa University,00135800,1,Colorado Mesa University - Main Campus,9110,0,13,1
2020,126711,Colorado Mountain College,00450600,1,Colorado Mountain College,5315,0,0,1
2020,126748,Colorado Northwestern Community College,00135900,1,Colorado Northwestern Community College,993,0,0,0
2020,126748,Colorado Northwestern Community College,00135900,2,Colorado Northwestern Community College-Craig Campus,993,0,0,0
2020,126775,Colorado School of Mines,00134800,1,Main Campus,6744,0,0,1
2020,128106,Colorado State University Pueblo,00136500,1,Colorado State University Pueblo,5925,0,0,1
2020,126818,Colorado State University-Fort Collins,00135000,1,Main Campus,32428,0,1,0
2020,126979,Denver Seminary,00135200,1,Main Campus,856,0,0,0
2020,127185,Fort Lewis College,00135300,1,Main Campus,3469,0,0,2
2020,127273,Iliff School of Theology,00135400,1,Main Campus,215,0,0,0
2020,127389,Lamar Community College,00135500,1,Lamar Community College,723,0,0,0
2020,127653,Naropa University,02117500,1,Arapahoe Campus,855,0,0,0
2020,127732,Northeastern Junior College,00136100,1,Main Campus (Sterling- CO),1293,2,1,3
2020,127778,Otero Junior College,00136200,1,Main Campus,1216,0,0,0
2020,127918,Regis University,00136300,1,Northwest Denver Campus,6310,0,0,0
2020,128258,Trinidad State College,00136800,1,Trinidad Campus,1404,0,0,0
2020,128258,Trinidad State College,00136800,2,Valley Campus,1404,0,1,0
2020,126614,University of Colorado Boulder,00137000,1,Main Campus,37437,0,162,425
2020,126580,University of Colorado Colorado Springs,00450900,1,University of Colorado Colorado Springs,12380,0,2,29
2020,126562,University of Colorado Denver/Anschutz Medical Campus,00450800,1,University of Colorado Denver - Downtown,24723,0,0,0
2020,127060,University of Denver,00137100,1,University Park Campus,13856,0,0,0
2020,127741,University of Northern Colorado,00134900,1,Main Campus,11460,0,4,11
2020,128391,Western Colorado University,00137200,1,Main Campus,3203,0,11,9
2021,126182,Adams State University,00134500,1,Adams State University,3138,0,5,1
2021,126669,Colorado Christian University,00940100,1,Lakewood Main Campus,8472,0,0,0
2021,126678,Colorado College,00134700,1,Colorado College,2266,0,2,0
2021,127556,Colorado Mesa University,00135800,1,Colorado Mesa University - Main Campus,8907,0,18,11
2021,126711,Colorado Mountain College,00450600,1,Colorado Mountain College,5134,0,2,14
2021,126748,Colorado Northwestern Community College,00135900,1,Colorado Northwestern Community College,1150,0,0,1
2021,126748,Colorado Northwestern Community College,00135900,2,Colorado Northwestern Community College-Craig Campus,1150,0,0,0
2021,126775,Colorado School of Mines,00134800,1,Main Campus,7187,0,5,2
2021,128106,Colorado State University Pueblo,00136500,1,Colorado State University Pueblo,6110,1,5,3
2021,126818,Colorado State University-Fort Collins,00135000,1,Main Campus,32586,0,3,7
2021,126979,Denver Seminary,00135200,1,Main Campus,899,0,0,0
2021,127185,Fort Lewis College,00135300,1,Main Campus,3567,0,0,5
2021,127389,Lamar Community College,00135500,1,Lamar Community College,696,0,0,0
2021,127565,Metropolitan State University of Denver,00136000,1,Auraria Campus (Main Campus),17678,0,0,0
2021,127653,Naropa University,02117500,1,Arapahoe Campus,964,0,0,0
2021,127732,Northeastern Junior College,00136100,1,Main Campus (Sterling- CO),1392,0,1,25
2021,127778,Otero Junior College,00136200,1,Main Campus,1151,0,0,0
2021,127918,Regis University,00136300,1,Northwest Denver Campus,5566,0,0,7
2021,128258,Trinidad State College,00136800,1,Trinidad Campus,1500,0,0,0
2021,128258,Trinidad State College,00136800,2,Valley Campus,1500,0,0,0
2021,126614,University of Colorado Boulder,00137000,1,Main Campus,39000,0,27,74
2021,126580,University of Colorado Colorado Springs,00450900,1,University of Colorado Colorado Springs,12031,0,2,7
2021,126562,University of Colorado Denver/Anschutz Medical Campus,00450800,1,University of Colorado Denver - Downtown,24267,0,0,0
2021,127060,University of Denver,00137100,1,University Park Campus,14130,0,0,0
2021,127741,University of Northern Colorado,00134900,1,Main Campus,10348,0,9,4
2021,128391,Western Colorado University,00137200,1,Main Campus,3689,0,2,6
